id;order_id;payment_method;transaction_id;payment_status;payment_date
1;17699;handsome since;unbearably peony what;cleverly loyally;2025-02-10T15:11:09
2;25881;fedora boohoo whoever;knowledgeable mid;subsidy ick;2025-02-11T08:48:17
3;17877;um yuck lashes;lovely phew;collaborate for;2025-02-10T23:57:25
4;12350;but knuckle;whenever yieldingly regal;shrill premise inasmuch;2025-02-11T00:16:11
5;25460;amidst;yet impossible cease;exhausted availability partially;2025-02-10T18:09:55
6;5466;labourer scoff unless;hollow;like whereas;2025-02-10T21:07:53
7;1097;concerning;wrongly meh;from innocently;2025-02-10T18:42:32
8;16427;while accidentally;sweetly fort;selfishly;2025-02-11T06:40:47
9;21051;oh;shoulder enthusiastically fooey;gah anxiously secrecy;2025-02-11T10:37:18
10;5911;yet;even ah;or legislature;2025-02-11T01:30:52
