id;login;email;password_hash;first_name;last_name;activated;lang_key
1;afore waterspout hidden;Kariane.Yundt@gmail.com;excitedly trial via;Reba;Strosin;true;sneaky through acknowledge
2;house ah resource;Ford58@yahoo.com;intensely the masquerade;Lamar;Quigley;true;midst out minus
3;crafty;Cary_Adams@hotmail.com;into;Rubie;Jaskolski;false;suitcase oxidize
4;despite shakily over;Stacy65@hotmail.com;however thrifty fleck;Wayne;Stanton;true;where consequently acclaimed
5;unfortunately hateful;Nick41@yahoo.com;aha sturdy;Laurine;Ritchie;false;oddball considering
6;as sadly;Dexter.Mraz-Heller@gmail.com;blaspheme;Jada;Heller;true;beside
7;mmm stratify with;Reuben.Schuster46@gmail.com;inspection stage;Joanne;Tillman;true;tenderly grade
8;gray;Trystan_Fay-Heathcote@hotmail.com;outstanding duh;Milton;Smitham;true;provided neatly
9;lucky round golden;Faustino_Fay31@gmail.com;alarmed among vain;Lemuel;Ernser;true;uh-huh grimy frugal
10;wilderness gadzooks;Mia71@hotmail.com;digital;Ocie;Barton;true;truly throughout
